{
    "loss": 1.1321682929992676,
    "accuracy": 0.8620689511299133
}