{
    "loss": 2.3518145084381104,
    "accuracy": 0.8017241358757019
}