{
    "loss": 4.882945537567139,
    "accuracy": 0.5258620977401733
}